Epoch, Val_fscore, Val_acc, Train_loss, Val_loss
0, 0.25777041996296945, 0.46304, 0.1528177112340927, 0.12226425111293793
