Epoch, Val_fscore, Val_acc, Train_loss, Val_loss
0, 0.27129317607608366, 0.48624, 0.14750514924526215, 0.1148819848895073
